Price,Odometer,Color
14636,37388,white
14122,44758,white
14470,45854,white
15072,40149,white
14802,40237,white
14660,43533,white
15612,32744,white
14632,41350,white
15008,35781,white
14666,48613,white
15410,24188,white
14498,45563,white
15088,32517,white
14108,39050,white
14230,45251,white
14820,34384,white
14606,33533,white
14474,41849,white
14572,37495,white
14880,31014,white
14430,42233,white
14336,38430,white
13930,46296,white
14514,42501,white
14456,43803,white
14774,34966,white
15064,35521,white
14998,28006,white
14132,37819,white
15274,38085,white
14870,36183,white
15136,25745,white
14594,37135,white
14832,33023,white
14566,34212,white
14712,39196,white
14266,36392,white
15568,31705,silver
14718,34010,silver
15190,32359,silver
15610,34470,silver
14634,37720,silver
15550,28676,silver
15746,26561,silver
15654,25629,silver
14966,40099,silver
15370,34356,silver
15526,27379,silver
14972,35648,silver
15334,30241,silver
15530,24464,silver
15822,21221,silver
14674,33358,silver
15210,35975,silver
15640,20962,silver
14374,45808,silver
14998,34399,silver
15414,32063,silver
14914,34641,silver
15102,36468,silver
15708,21535,silver
15466,31644,silver
14956,35969,silver
15380,29051,silver
14572,38180,silver
15490,31494,silver
14518,33190,silver
14016,45833,other
15590,30862,other
15690,19057,other
15740,24469,other
14300,38775,other
14654,38231,other
14384,36683,other
15058,38383,other
15014,32161,other
14766,36668,other
14210,37407,other
15576,30599,other
14416,42485,other
14256,40452,other
15500,26030,other
14476,34844,other
14324,47875,other
14270,43481,other
14534,34279,other
14580,41370,other
14182,41427,other
14292,47228,other
14408,38079,other
14542,42332,other
14014,49223,other
14572,35236,other
13574,44330,other
14730,31049,other
14320,38636,other
14244,39198,other
14296,42581,other
15050,31372,other
14848,36238,other
